Id,ORGANIZATION,NAME,GENDER,SPECIALITY,ADDRESS,CITY,STATE,ZIP,LAT,LON,ENCOUNTERS,PROCEDURES
25dc35d9-be00-352b-b2c9-5dbf9cc90619,74ab949d-17ac-3309-83a0-13b4405c66aa,Ted955 Reilly981,M,GENERAL PRACTICE,881 Main Street,Fitchburg,MA,01420,42.586487,-71.80521,12,0
5c36243a-df74-3125-9aa3-01b5f1fff299,ae88fd02-4911-3625-9e97-85b626ed3b0b,Cherrie404 Farrell962,F,GENERAL PRACTICE,476 VARNUM AVE,LOWELL,MA,018542122,42.6443795,-71.34721987550876,3,0
a4732ac6-0d5e-32e8-87c1-bc8ccbda437a,bdc3ee76-9cf3-316d-b202-a8da1ea3fa20,Laverna97 Rippin620,F,GENERAL PRACTICE,130 RUMFORD AVENUE  SUITE 211,AUBURNDALE,MA,024661370,42.35853505,-71.24125521214887,1,0
a290dd9b-3290-354f-99ae-18da9ec34924,5fcff9db-16e4-3e56-aa78-abbc16338097,Marcus77 Schamberger479,M,GENERAL PRACTICE,295 VARNUM AVE,WESTFORD,MA,018863513,42.5792583,-71.4378411,156,0
9e3219f0-02a3-372f-82bd-0fcdf3bca558,440fa4b8-c731-3cf5-81d9-aa3f30a37b95,Bennie663 Abbott774,M,GENERAL PRACTICE,41 & 45 MALL ROAD,PEABODY,MA,019602901,42.5278731,-70.9286609,5,0
4c094559-80cf-3ee5-a602-26b673974b64,542185c1-943a-30f4-aba0-0efaa92488a4,Luetta803 Rau926,F,GENERAL PRACTICE,142 LAKE ST,ARLINGTON,MA,024764738,42.40328885,-71.15140830652837,54,0
c8fd9629-7e1b-3a06-9113-de45d97f41d0,06cc2462-430f-3322-9c87-7e971125f510,Kai187 Mann644,F,GENERAL PRACTICE,133 OLD ROAD TO 9 ACRE COR,WESTFORD,MA,018863198,42.5792583,-71.4378411,34,0
3b24a2b2-cf9c-397b-95ff-0a0244b7f39e,d0894f6b-78d7-338d-82ad-b63de4d40014,Lynsey2 Lemke654,F,GENERAL PRACTICE,330 MOUNT AUBURN STREET,WALTHAM,MA,02452,42.3756401,-71.2358004,451,0
e2cee64c-1600-3a6d-a3a3-7f0eb2e4b6e1,f438b8e0-d856-328a-b193-2b014fc4cb97,Tyron580 Reinger292,M,GENERAL PRACTICE,981 VARNUM AVENUE,LOWELL,MA,018541913,42.64591185,-71.36487149058269,9,0
6b3ab728-9155-3303-8723-e7f411edd067,7b7ce654-a413-37d1-9d34-97240c0ac580,Landon622 Kihn564,M,GENERAL PRACTICE,1 WRENTHAM ST,BELLINGHAM,MA,020192532,42.025037350000005,-71.48945118224057,3,0
a4cccde7-668e-329b-9bb5-0d0f98028223,c0132cf6-1703-3aad-89b4-cc2f2bbc123e,Neville893 Schoen8,M,GENERAL PRACTICE,66 NEWTON STREET,WALTHAM,MA,024536058,42.3746705,-71.22789736306842,15,0
5c892b87-7c14-3430-bdfc-845e65d0c664,67d2f85b-ddc7-3ed0-b90b-6fa5b7b8358a,Norah104 Jenkins714,F,GENERAL PRACTICE,43 FOUNDRY AVE,WALTHAM,MA,024538313,42.37050535,-71.21908334877376,50,0
fc02f919-3bb2-3e14-b52d-0960739cdf46,0be0e035-8dad-387e-bbdd-a5a469c4311f,Deane47 Howe413,F,GENERAL PRACTICE,480 MAPLE ST,DANVERS,MA,019234065,42.584178050000006,-70.97197467750539,16,0
75d3d59f-070b-3993-afb3-4ecaa53fc3e5,25c85bcc-7e25-36bc-89e8-08e0d473db23,Stephen891 Okuneva707,M,GENERAL PRACTICE,138 S MAIN ST STE 14,MILFORD,MA,017573272,42.1270746,-71.51639128815474,62,0
7704a714-962b-3797-8eda-240b20a6c56f,a5577e5c-b886-37a0-8eee-8ff6feb7ea6b,Synthia172 Keebler762,F,GENERAL PRACTICE,330 MOUNT AUBURN ST,CAMBRIDGE,MA,021385502,42.3741033,-71.13417575971958,45,0
7223d3ca-00a8-3379-b090-c92665c49177,845fbd9b-2d1c-39a8-8261-28ae40e4fab2,Bennett146 Rippin620,M,GENERAL PRACTICE,14 PROSPECT STREET,UPTON,MA,015681431,42.1700209025178,-71.59409308099494,252,0
22b1907a-3f75-36a9-b6ab-1107edc4f489,84d5768f-3a21-3da9-aad2-bbf7a3ae2700,Elba502 Schneider199,F,GENERAL PRACTICE,817 MERRIMACK ST,LOWELL,MA,018543548,42.650296999999995,-71.32263756223612,75,0
f19fe814-b561-3730-a51d-16c48367aea0,a25107f7-f4f5-36fc-98e4-f3e1b5875c91,Tracy345 Wilderman619,M,GENERAL PRACTICE,1285 BEACON ST,WOBURN,MA,018012157,42.4979478,-71.1684508,2,0
ed80e9d1-d6a6-3faf-a9c1-db689671501e,83769f98-fff3-3535-8781-6ace5957136f,Harland508 Breitenberg711,M,GENERAL PRACTICE,115 NORTH AVENUE,ROCKLAND,MA,023702129,42.13496385,-70.92237824494691,1,0
2328f139-ab49-3994-8c0f-50cad3d89f51,f68ebf98-ba5b-35af-b2bd-da56cc5b13be,Shaun461 Hintz995,M,GENERAL PRACTICE,270 LITTLETON RD STE 22,WESTFORD,MA,018863524,42.5569148,-71.4366336131239,1,0
a0a08381-9619-398a-ad29-0cd18a5f9f0a,25431f9a-00e4-36d8-9810-4125328eec50,Kati243 Ruecker817,F,GENERAL PRACTICE,55 FRUIT ST,WALTHAM,MA,02451,42.3756401,-71.2358004,49,0
ecf5a97f-a74b-3188-b0b8-1fe9147bed6f,121b0ad1-1beb-3caa-9271-3d3f726bb727,Ester635 Salas880,F,GENERAL PRACTICE,1030 MAIN STREET,WALTHAM,MA,024517447,42.375828,-71.2527956,32,0
ac181754-c387-3497-ab0d-133546d54e41,f6ba791e-fe68-3596-bef4-60751db6a60e,Miguel815 Perea353,M,GENERAL PRACTICE,37 BIRCH STREET,MILFORD,MA,017575501,42.1424349,-71.48943173357203,25,0
fc65f96e-8dcf-3970-876a-ad953c3da8ff,91808f17-7583-32a3-aa55-23b131b327c7,Leonie332 Wunsch504,F,GENERAL PRACTICE,200 CORDWAINER DR,NORWELL,MA,020611671,42.16352995,-70.8846291501739,43,0
7e0bab52-9602-33d6-aa08-5cf4c270887a,20f63278-6709-3195-b767-782d2a10bd5c,Guadalupe206 Le√≥n820,F,GENERAL PRACTICE,640 CONCORD AVENUE,CAMBRIDGE,MA,021381116,42.389222000000004,-71.14799280677965,2,0
07e3429c-a215-37bb-bbd1-ae4beac61a21,c05d73d0-b348-32ce-9fe5-13a720950f37,Rema399 McDermott739,F,GENERAL PRACTICE,45 DRUM HILL RD,CHELMSFORD,MA,018241503,42.6255635,-71.3615131,3,0
d45387ee-a0ab-3ced-9cc8-c08e1eda3ac5,6aae7a31-90df-3455-ad8d-81f8cf2d21e8,Houston994 Funk324,M,GENERAL PRACTICE,680 CENTRE ST,BROCKTON,MA,023023308,42.0872752,-70.9910738855076,44,0
